assembly_accession	bioproject	biosample	wgs_master	excluded_from_refseq	refseq_category	relation_to_type_material	taxid	species_taxid	organism_name	infraspecific_name	isolate	version_status	assembly_level	release_type	genome_rep	seq_rel_date	asm_name	submitter	gbrs_paired_asm	paired_asm_comp	ftp_path	local_filename
GCF_000940915.1	PRJNA224116	SAMN03366652			na		644	644	Aeromonas hydrophila	strain=AL06-06	Goldfish	latest	Complete Genome	Major	Full	2015/03/04	ASM94091v1	Mississippi State University	GCA_000940915.1	identical	ftp://ftp.ncbi.nlm.nih.gov/genomes/all/GCF/000/940/915/GCF_000940915.1_ASM94091v1	./data/refseq/bacteria/GCF_000940915.1/GCF_000940915.1_ASM94091v1_genomic.fna.gz
GCF_000940915.1	PRJNA224116	SAMN03366652			na		644	644	Aeromonas hydrophila	strain=AL06-06	Goldfish	latest	Complete Genome	Major	Full	2015/03/04	ASM94091v1	Mississippi State University	GCA_000940915.1	identical	ftp://ftp.ncbi.nlm.nih.gov/genomes/all/GCF/000/940/915/GCF_000940915.1_ASM94091v1	./data/refseq/bacteria/GCF_000940915.1/GCF_000940915.1_ASM94091v1_rna_from_genomic.fna.gz
GCF_000940915.1	PRJNA224116	SAMN03366652			na		644	644	Aeromonas hydrophila	strain=AL06-06	Goldfish	latest	Complete Genome	Major	Full	2015/03/04	ASM94091v1	Mississippi State University	GCA_000940915.1	identical	ftp://ftp.ncbi.nlm.nih.gov/genomes/all/GCF/000/940/915/GCF_000940915.1_ASM94091v1	./data/refseq/bacteria/GCF_000940915.1/GCF_000940915.1_ASM94091v1_assembly_report.txt
GCF_000940915.1	PRJNA224116	SAMN03366652			na		644	644	Aeromonas hydrophila	strain=AL06-06	Goldfish	latest	Complete Genome	Major	Full	2015/03/04	ASM94091v1	Mississippi State University	GCA_000940915.1	identical	ftp://ftp.ncbi.nlm.nih.gov/genomes/all/GCF/000/940/915/GCF_000940915.1_ASM94091v1	./data/refseq/bacteria/GCF_000940915.1/GCF_000940915.1_ASM94091v1_assembly_stats.txt
GCF_000940915.1	PRJNA224116	SAMN03366652			na		644	644	Aeromonas hydrophila	strain=AL06-06	Goldfish	latest	Complete Genome	Major	Full	2015/03/04	ASM94091v1	Mississippi State University	GCA_000940915.1	identical	ftp://ftp.ncbi.nlm.nih.gov/genomes/all/GCF/000/940/915/GCF_000940915.1_ASM94091v1	./data/refseq/bacteria/GCF_000940915.1/GCF_000940915.1_ASM94091v1_feature_table.txt.gz
GCF_000963645.1	PRJNA224116	SAMN03421355			na		644	644	Aeromonas hydrophila	strain=AH10		latest	Complete Genome	Major	Full	2015/03/26	ASM96364v1	Shanghai Ocean University 	GCA_000963645.1	identical	ftp://ftp.ncbi.nlm.nih.gov/genomes/all/GCF/000/963/645/GCF_000963645.1_ASM96364v1	./data/refseq/bacteria/GCF_000963645.1/GCF_000963645.1_ASM96364v1_genomic.fna.gz
GCF_000963645.1	PRJNA224116	SAMN03421355			na		644	644	Aeromonas hydrophila	strain=AH10		latest	Complete Genome	Major	Full	2015/03/26	ASM96364v1	Shanghai Ocean University 	GCA_000963645.1	identical	ftp://ftp.ncbi.nlm.nih.gov/genomes/all/GCF/000/963/645/GCF_000963645.1_ASM96364v1	./data/refseq/bacteria/GCF_000963645.1/GCF_000963645.1_ASM96364v1_rna_from_genomic.fna.gz
GCF_000963645.1	PRJNA224116	SAMN03421355			na		644	644	Aeromonas hydrophila	strain=AH10		latest	Complete Genome	Major	Full	2015/03/26	ASM96364v1	Shanghai Ocean University 	GCA_000963645.1	identical	ftp://ftp.ncbi.nlm.nih.gov/genomes/all/GCF/000/963/645/GCF_000963645.1_ASM96364v1	./data/refseq/bacteria/GCF_000963645.1/GCF_000963645.1_ASM96364v1_assembly_report.txt
GCF_000963645.1	PRJNA224116	SAMN03421355			na		644	644	Aeromonas hydrophila	strain=AH10		latest	Complete Genome	Major	Full	2015/03/26	ASM96364v1	Shanghai Ocean University 	GCA_000963645.1	identical	ftp://ftp.ncbi.nlm.nih.gov/genomes/all/GCF/000/963/645/GCF_000963645.1_ASM96364v1	./data/refseq/bacteria/GCF_000963645.1/GCF_000963645.1_ASM96364v1_assembly_stats.txt
GCF_000963645.1	PRJNA224116	SAMN03421355			na		644	644	Aeromonas hydrophila	strain=AH10		latest	Complete Genome	Major	Full	2015/03/26	ASM96364v1	Shanghai Ocean University 	GCA_000963645.1	identical	ftp://ftp.ncbi.nlm.nih.gov/genomes/all/GCF/000/963/645/GCF_000963645.1_ASM96364v1	./data/refseq/bacteria/GCF_000963645.1/GCF_000963645.1_ASM96364v1_feature_table.txt.gz
GCF_001455365.1	PRJNA224116	SAMN04266592			na		644	644	Aeromonas hydrophila	strain=JBN2301		latest	Complete Genome	Major	Full	2015/12/02	ASM145536v1	Wuhan Polytechnic University	GCA_001455365.1	identical	ftp://ftp.ncbi.nlm.nih.gov/genomes/all/GCF/001/455/365/GCF_001455365.1_ASM145536v1	./data/refseq/bacteria/GCF_001455365.1/GCF_001455365.1_ASM145536v1_genomic.fna.gz
GCF_001455365.1	PRJNA224116	SAMN04266592			na		644	644	Aeromonas hydrophila	strain=JBN2301		latest	Complete Genome	Major	Full	2015/12/02	ASM145536v1	Wuhan Polytechnic University	GCA_001455365.1	identical	ftp://ftp.ncbi.nlm.nih.gov/genomes/all/GCF/001/455/365/GCF_001455365.1_ASM145536v1	./data/refseq/bacteria/GCF_001455365.1/GCF_001455365.1_ASM145536v1_rna_from_genomic.fna.gz
GCF_001455365.1	PRJNA224116	SAMN04266592			na		644	644	Aeromonas hydrophila	strain=JBN2301		latest	Complete Genome	Major	Full	2015/12/02	ASM145536v1	Wuhan Polytechnic University	GCA_001455365.1	identical	ftp://ftp.ncbi.nlm.nih.gov/genomes/all/GCF/001/455/365/GCF_001455365.1_ASM145536v1	./data/refseq/bacteria/GCF_001455365.1/GCF_001455365.1_ASM145536v1_assembly_report.txt
GCF_001455365.1	PRJNA224116	SAMN04266592			na		644	644	Aeromonas hydrophila	strain=JBN2301		latest	Complete Genome	Major	Full	2015/12/02	ASM145536v1	Wuhan Polytechnic University	GCA_001455365.1	identical	ftp://ftp.ncbi.nlm.nih.gov/genomes/all/GCF/001/455/365/GCF_001455365.1_ASM145536v1	./data/refseq/bacteria/GCF_001455365.1/GCF_001455365.1_ASM145536v1_assembly_stats.txt
GCF_001455365.1	PRJNA224116	SAMN04266592			na		644	644	Aeromonas hydrophila	strain=JBN2301		latest	Complete Genome	Major	Full	2015/12/02	ASM145536v1	Wuhan Polytechnic University	GCA_001455365.1	identical	ftp://ftp.ncbi.nlm.nih.gov/genomes/all/GCF/001/455/365/GCF_001455365.1_ASM145536v1	./data/refseq/bacteria/GCF_001455365.1/GCF_001455365.1_ASM145536v1_feature_table.txt.gz
GCF_001518775.1	PRJNA224116	SAMN04404355			na		644	644	Aeromonas hydrophila	strain=D4		latest	Complete Genome	Major	Full	2016/01/20	ASM151877v1	HUAZHONG AGRICULTURAL UNIVERSITY	GCA_001518775.1	identical	ftp://ftp.ncbi.nlm.nih.gov/genomes/all/GCF/001/518/775/GCF_001518775.1_ASM151877v1	./data/refseq/bacteria/GCF_001518775.1/GCF_001518775.1_ASM151877v1_genomic.fna.gz
GCF_001518775.1	PRJNA224116	SAMN04404355			na		644	644	Aeromonas hydrophila	strain=D4		latest	Complete Genome	Major	Full	2016/01/20	ASM151877v1	HUAZHONG AGRICULTURAL UNIVERSITY	GCA_001518775.1	identical	ftp://ftp.ncbi.nlm.nih.gov/genomes/all/GCF/001/518/775/GCF_001518775.1_ASM151877v1	./data/refseq/bacteria/GCF_001518775.1/GCF_001518775.1_ASM151877v1_rna_from_genomic.fna.gz
GCF_001518775.1	PRJNA224116	SAMN04404355			na		644	644	Aeromonas hydrophila	strain=D4		latest	Complete Genome	Major	Full	2016/01/20	ASM151877v1	HUAZHONG AGRICULTURAL UNIVERSITY	GCA_001518775.1	identical	ftp://ftp.ncbi.nlm.nih.gov/genomes/all/GCF/001/518/775/GCF_001518775.1_ASM151877v1	./data/refseq/bacteria/GCF_001518775.1/GCF_001518775.1_ASM151877v1_assembly_report.txt
GCF_001518775.1	PRJNA224116	SAMN04404355			na		644	644	Aeromonas hydrophila	strain=D4		latest	Complete Genome	Major	Full	2016/01/20	ASM151877v1	HUAZHONG AGRICULTURAL UNIVERSITY	GCA_001518775.1	identical	ftp://ftp.ncbi.nlm.nih.gov/genomes/all/GCF/001/518/775/GCF_001518775.1_ASM151877v1	./data/refseq/bacteria/GCF_001518775.1/GCF_001518775.1_ASM151877v1_assembly_stats.txt
GCF_001518775.1	PRJNA224116	SAMN04404355			na		644	644	Aeromonas hydrophila	strain=D4		latest	Complete Genome	Major	Full	2016/01/20	ASM151877v1	HUAZHONG AGRICULTURAL UNIVERSITY	GCA_001518775.1	identical	ftp://ftp.ncbi.nlm.nih.gov/genomes/all/GCF/001/518/775/GCF_001518775.1_ASM151877v1	./data/refseq/bacteria/GCF_001518775.1/GCF_001518775.1_ASM151877v1_feature_table.txt.gz
GCF_001683535.1	PRJNA224116	SAMN05188441			na		644	644	Aeromonas hydrophila	strain=GYK1		latest	Complete Genome	Major	Full	2016/07/11	ASM168353v1	Chinese Academy of Fishery Sciences	GCA_001683535.1	identical	ftp://ftp.ncbi.nlm.nih.gov/genomes/all/GCF/001/683/535/GCF_001683535.1_ASM168353v1	./data/refseq/bacteria/GCF_001683535.1/GCF_001683535.1_ASM168353v1_genomic.fna.gz
GCF_001683535.1	PRJNA224116	SAMN05188441			na		644	644	Aeromonas hydrophila	strain=GYK1		latest	Complete Genome	Major	Full	2016/07/11	ASM168353v1	Chinese Academy of Fishery Sciences	GCA_001683535.1	identical	ftp://ftp.ncbi.nlm.nih.gov/genomes/all/GCF/001/683/535/GCF_001683535.1_ASM168353v1	./data/refseq/bacteria/GCF_001683535.1/GCF_001683535.1_ASM168353v1_rna_from_genomic.fna.gz
GCF_001683535.1	PRJNA224116	SAMN05188441			na		644	644	Aeromonas hydrophila	strain=GYK1		latest	Complete Genome	Major	Full	2016/07/11	ASM168353v1	Chinese Academy of Fishery Sciences	GCA_001683535.1	identical	ftp://ftp.ncbi.nlm.nih.gov/genomes/all/GCF/001/683/535/GCF_001683535.1_ASM168353v1	./data/refseq/bacteria/GCF_001683535.1/GCF_001683535.1_ASM168353v1_assembly_report.txt
GCF_001683535.1	PRJNA224116	SAMN05188441			na		644	644	Aeromonas hydrophila	strain=GYK1		latest	Complete Genome	Major	Full	2016/07/11	ASM168353v1	Chinese Academy of Fishery Sciences	GCA_001683535.1	identical	ftp://ftp.ncbi.nlm.nih.gov/genomes/all/GCF/001/683/535/GCF_001683535.1_ASM168353v1	./data/refseq/bacteria/GCF_001683535.1/GCF_001683535.1_ASM168353v1_assembly_stats.txt
GCF_001683535.1	PRJNA224116	SAMN05188441			na		644	644	Aeromonas hydrophila	strain=GYK1		latest	Complete Genome	Major	Full	2016/07/11	ASM168353v1	Chinese Academy of Fishery Sciences	GCA_001683535.1	identical	ftp://ftp.ncbi.nlm.nih.gov/genomes/all/GCF/001/683/535/GCF_001683535.1_ASM168353v1	./data/refseq/bacteria/GCF_001683535.1/GCF_001683535.1_ASM168353v1_feature_table.txt.gz
GCF_001687125.1	PRJNA224116	SAMN03294822			na		644	644	Aeromonas hydrophila	strain=AHNIH1		latest	Complete Genome	Major	Full	2016/07/18	ASM168712v1	NHGRI/NIH	GCA_001687125.1	identical	ftp://ftp.ncbi.nlm.nih.gov/genomes/all/GCF/001/687/125/GCF_001687125.1_ASM168712v1	./data/refseq/bacteria/GCF_001687125.1/GCF_001687125.1_ASM168712v1_genomic.fna.gz
GCF_001687125.1	PRJNA224116	SAMN03294822			na		644	644	Aeromonas hydrophila	strain=AHNIH1		latest	Complete Genome	Major	Full	2016/07/18	ASM168712v1	NHGRI/NIH	GCA_001687125.1	identical	ftp://ftp.ncbi.nlm.nih.gov/genomes/all/GCF/001/687/125/GCF_001687125.1_ASM168712v1	./data/refseq/bacteria/GCF_001687125.1/GCF_001687125.1_ASM168712v1_rna_from_genomic.fna.gz
GCF_001687125.1	PRJNA224116	SAMN03294822			na		644	644	Aeromonas hydrophila	strain=AHNIH1		latest	Complete Genome	Major	Full	2016/07/18	ASM168712v1	NHGRI/NIH	GCA_001687125.1	identical	ftp://ftp.ncbi.nlm.nih.gov/genomes/all/GCF/001/687/125/GCF_001687125.1_ASM168712v1	./data/refseq/bacteria/GCF_001687125.1/GCF_001687125.1_ASM168712v1_assembly_report.txt
GCF_001687125.1	PRJNA224116	SAMN03294822			na		644	644	Aeromonas hydrophila	strain=AHNIH1		latest	Complete Genome	Major	Full	2016/07/18	ASM168712v1	NHGRI/NIH	GCA_001687125.1	identical	ftp://ftp.ncbi.nlm.nih.gov/genomes/all/GCF/001/687/125/GCF_001687125.1_ASM168712v1	./data/refseq/bacteria/GCF_001687125.1/GCF_001687125.1_ASM168712v1_assembly_stats.txt
GCF_001687125.1	PRJNA224116	SAMN03294822			na		644	644	Aeromonas hydrophila	strain=AHNIH1		latest	Complete Genome	Major	Full	2016/07/18	ASM168712v1	NHGRI/NIH	GCA_001687125.1	identical	ftp://ftp.ncbi.nlm.nih.gov/genomes/all/GCF/001/687/125/GCF_001687125.1_ASM168712v1	./data/refseq/bacteria/GCF_001687125.1/GCF_001687125.1_ASM168712v1_feature_table.txt.gz
GCF_001895965.1	PRJNA224116	SAMN06016471			na		644	644	Aeromonas hydrophila	strain=MX16A		latest	Complete Genome	Major	Full	2016/12/09	ASM189596v1	Aeromonas hydrophila	GCA_001895965.1	identical	ftp://ftp.ncbi.nlm.nih.gov/genomes/all/GCF/001/895/965/GCF_001895965.1_ASM189596v1	./data/refseq/bacteria/GCF_001895965.1/GCF_001895965.1_ASM189596v1_genomic.fna.gz
GCF_001895965.1	PRJNA224116	SAMN06016471			na		644	644	Aeromonas hydrophila	strain=MX16A		latest	Complete Genome	Major	Full	2016/12/09	ASM189596v1	Aeromonas hydrophila	GCA_001895965.1	identical	ftp://ftp.ncbi.nlm.nih.gov/genomes/all/GCF/001/895/965/GCF_001895965.1_ASM189596v1	./data/refseq/bacteria/GCF_001895965.1/GCF_001895965.1_ASM189596v1_rna_from_genomic.fna.gz
GCF_001895965.1	PRJNA224116	SAMN06016471			na		644	644	Aeromonas hydrophila	strain=MX16A		latest	Complete Genome	Major	Full	2016/12/09	ASM189596v1	Aeromonas hydrophila	GCA_001895965.1	identical	ftp://ftp.ncbi.nlm.nih.gov/genomes/all/GCF/001/895/965/GCF_001895965.1_ASM189596v1	./data/refseq/bacteria/GCF_001895965.1/GCF_001895965.1_ASM189596v1_assembly_report.txt
GCF_001895965.1	PRJNA224116	SAMN06016471			na		644	644	Aeromonas hydrophila	strain=MX16A		latest	Complete Genome	Major	Full	2016/12/09	ASM189596v1	Aeromonas hydrophila	GCA_001895965.1	identical	ftp://ftp.ncbi.nlm.nih.gov/genomes/all/GCF/001/895/965/GCF_001895965.1_ASM189596v1	./data/refseq/bacteria/GCF_001895965.1/GCF_001895965.1_ASM189596v1_assembly_stats.txt
GCF_001895965.1	PRJNA224116	SAMN06016471			na		644	644	Aeromonas hydrophila	strain=MX16A		latest	Complete Genome	Major	Full	2016/12/09	ASM189596v1	Aeromonas hydrophila	GCA_001895965.1	identical	ftp://ftp.ncbi.nlm.nih.gov/genomes/all/GCF/001/895/965/GCF_001895965.1_ASM189596v1	./data/refseq/bacteria/GCF_001895965.1/GCF_001895965.1_ASM189596v1_feature_table.txt.gz
GCF_003014775.1	PRJNA224116	SAMN08715271			na		644	644	Aeromonas hydrophila	strain=KN-Mc-1R2		latest	Complete Genome	Major	Full	2018/03/24	ASM301477v1	Korea Research Institute of Bioscience and Biotechnology	GCA_003014775.1	identical	ftp://ftp.ncbi.nlm.nih.gov/genomes/all/GCF/003/014/775/GCF_003014775.1_ASM301477v1	./data/refseq/bacteria/GCF_003014775.1/GCF_003014775.1_ASM301477v1_genomic.fna.gz
GCF_003014775.1	PRJNA224116	SAMN08715271			na		644	644	Aeromonas hydrophila	strain=KN-Mc-1R2		latest	Complete Genome	Major	Full	2018/03/24	ASM301477v1	Korea Research Institute of Bioscience and Biotechnology	GCA_003014775.1	identical	ftp://ftp.ncbi.nlm.nih.gov/genomes/all/GCF/003/014/775/GCF_003014775.1_ASM301477v1	./data/refseq/bacteria/GCF_003014775.1/GCF_003014775.1_ASM301477v1_rna_from_genomic.fna.gz
GCF_003014775.1	PRJNA224116	SAMN08715271			na		644	644	Aeromonas hydrophila	strain=KN-Mc-1R2		latest	Complete Genome	Major	Full	2018/03/24	ASM301477v1	Korea Research Institute of Bioscience and Biotechnology	GCA_003014775.1	identical	ftp://ftp.ncbi.nlm.nih.gov/genomes/all/GCF/003/014/775/GCF_003014775.1_ASM301477v1	./data/refseq/bacteria/GCF_003014775.1/GCF_003014775.1_ASM301477v1_assembly_report.txt
GCF_003014775.1	PRJNA224116	SAMN08715271			na		644	644	Aeromonas hydrophila	strain=KN-Mc-1R2		latest	Complete Genome	Major	Full	2018/03/24	ASM301477v1	Korea Research Institute of Bioscience and Biotechnology	GCA_003014775.1	identical	ftp://ftp.ncbi.nlm.nih.gov/genomes/all/GCF/003/014/775/GCF_003014775.1_ASM301477v1	./data/refseq/bacteria/GCF_003014775.1/GCF_003014775.1_ASM301477v1_assembly_stats.txt
GCF_003014775.1	PRJNA224116	SAMN08715271			na		644	644	Aeromonas hydrophila	strain=KN-Mc-1R2		latest	Complete Genome	Major	Full	2018/03/24	ASM301477v1	Korea Research Institute of Bioscience and Biotechnology	GCA_003014775.1	identical	ftp://ftp.ncbi.nlm.nih.gov/genomes/all/GCF/003/014/775/GCF_003014775.1_ASM301477v1	./data/refseq/bacteria/GCF_003014775.1/GCF_003014775.1_ASM301477v1_feature_table.txt.gz
GCF_003491225.1	PRJNA224116	SAMN05590109			na		644	644	Aeromonas hydrophila	strain=ZYAH72		latest	Complete Genome	Major	Full	2018/09/07	ASM349122v1	HuaZhong Agricultural University	GCA_003491225.1	identical	ftp://ftp.ncbi.nlm.nih.gov/genomes/all/GCF/003/491/225/GCF_003491225.1_ASM349122v1	./data/refseq/bacteria/GCF_003491225.1/GCF_003491225.1_ASM349122v1_genomic.fna.gz
GCF_003491225.1	PRJNA224116	SAMN05590109			na		644	644	Aeromonas hydrophila	strain=ZYAH72		latest	Complete Genome	Major	Full	2018/09/07	ASM349122v1	HuaZhong Agricultural University	GCA_003491225.1	identical	ftp://ftp.ncbi.nlm.nih.gov/genomes/all/GCF/003/491/225/GCF_003491225.1_ASM349122v1	./data/refseq/bacteria/GCF_003491225.1/GCF_003491225.1_ASM349122v1_rna_from_genomic.fna.gz
GCF_003491225.1	PRJNA224116	SAMN05590109			na		644	644	Aeromonas hydrophila	strain=ZYAH72		latest	Complete Genome	Major	Full	2018/09/07	ASM349122v1	HuaZhong Agricultural University	GCA_003491225.1	identical	ftp://ftp.ncbi.nlm.nih.gov/genomes/all/GCF/003/491/225/GCF_003491225.1_ASM349122v1	./data/refseq/bacteria/GCF_003491225.1/GCF_003491225.1_ASM349122v1_assembly_report.txt
GCF_003491225.1	PRJNA224116	SAMN05590109			na		644	644	Aeromonas hydrophila	strain=ZYAH72		latest	Complete Genome	Major	Full	2018/09/07	ASM349122v1	HuaZhong Agricultural University	GCA_003491225.1	identical	ftp://ftp.ncbi.nlm.nih.gov/genomes/all/GCF/003/491/225/GCF_003491225.1_ASM349122v1	./data/refseq/bacteria/GCF_003491225.1/GCF_003491225.1_ASM349122v1_assembly_stats.txt
GCF_003491225.1	PRJNA224116	SAMN05590109			na		644	644	Aeromonas hydrophila	strain=ZYAH72		latest	Complete Genome	Major	Full	2018/09/07	ASM349122v1	HuaZhong Agricultural University	GCA_003491225.1	identical	ftp://ftp.ncbi.nlm.nih.gov/genomes/all/GCF/003/491/225/GCF_003491225.1_ASM349122v1	./data/refseq/bacteria/GCF_003491225.1/GCF_003491225.1_ASM349122v1_feature_table.txt.gz
GCF_003491245.1	PRJNA224116	SAMN05589911			na		644	644	Aeromonas hydrophila	strain=ZYAH75		latest	Complete Genome	Major	Full	2018/09/07	ASM349124v1	HuaZhong Agricultural University	GCA_003491245.1	identical	ftp://ftp.ncbi.nlm.nih.gov/genomes/all/GCF/003/491/245/GCF_003491245.1_ASM349124v1	./data/refseq/bacteria/GCF_003491245.1/GCF_003491245.1_ASM349124v1_genomic.fna.gz
GCF_003491245.1	PRJNA224116	SAMN05589911			na		644	644	Aeromonas hydrophila	strain=ZYAH75		latest	Complete Genome	Major	Full	2018/09/07	ASM349124v1	HuaZhong Agricultural University	GCA_003491245.1	identical	ftp://ftp.ncbi.nlm.nih.gov/genomes/all/GCF/003/491/245/GCF_003491245.1_ASM349124v1	./data/refseq/bacteria/GCF_003491245.1/GCF_003491245.1_ASM349124v1_rna_from_genomic.fna.gz
GCF_003491245.1	PRJNA224116	SAMN05589911			na		644	644	Aeromonas hydrophila	strain=ZYAH75		latest	Complete Genome	Major	Full	2018/09/07	ASM349124v1	HuaZhong Agricultural University	GCA_003491245.1	identical	ftp://ftp.ncbi.nlm.nih.gov/genomes/all/GCF/003/491/245/GCF_003491245.1_ASM349124v1	./data/refseq/bacteria/GCF_003491245.1/GCF_003491245.1_ASM349124v1_assembly_report.txt
GCF_003491245.1	PRJNA224116	SAMN05589911			na		644	644	Aeromonas hydrophila	strain=ZYAH75		latest	Complete Genome	Major	Full	2018/09/07	ASM349124v1	HuaZhong Agricultural University	GCA_003491245.1	identical	ftp://ftp.ncbi.nlm.nih.gov/genomes/all/GCF/003/491/245/GCF_003491245.1_ASM349124v1	./data/refseq/bacteria/GCF_003491245.1/GCF_003491245.1_ASM349124v1_assembly_stats.txt
GCF_003491245.1	PRJNA224116	SAMN05589911			na		644	644	Aeromonas hydrophila	strain=ZYAH75		latest	Complete Genome	Major	Full	2018/09/07	ASM349124v1	HuaZhong Agricultural University	GCA_003491245.1	identical	ftp://ftp.ncbi.nlm.nih.gov/genomes/all/GCF/003/491/245/GCF_003491245.1_ASM349124v1	./data/refseq/bacteria/GCF_003491245.1/GCF_003491245.1_ASM349124v1_feature_table.txt.gz
GCF_004296435.1	PRJNA224116	SAMD00144877			na		644	644	Aeromonas hydrophila	strain=GSH8-2		latest	Complete Genome	Major	Full	2019/02/14	ASM429643v1	Laboratory of Bacterial Genomics, Pathogen Genomics Center, National Institute of Infectious Diseases	GCA_004296435.1	identical	ftp://ftp.ncbi.nlm.nih.gov/genomes/all/GCF/004/296/435/GCF_004296435.1_ASM429643v1	./data/refseq/bacteria/GCF_004296435.1/GCF_004296435.1_ASM429643v1_genomic.fna.gz
GCF_004296435.1	PRJNA224116	SAMD00144877			na		644	644	Aeromonas hydrophila	strain=GSH8-2		latest	Complete Genome	Major	Full	2019/02/14	ASM429643v1	Laboratory of Bacterial Genomics, Pathogen Genomics Center, National Institute of Infectious Diseases	GCA_004296435.1	identical	ftp://ftp.ncbi.nlm.nih.gov/genomes/all/GCF/004/296/435/GCF_004296435.1_ASM429643v1	./data/refseq/bacteria/GCF_004296435.1/GCF_004296435.1_ASM429643v1_rna_from_genomic.fna.gz
GCF_004296435.1	PRJNA224116	SAMD00144877			na		644	644	Aeromonas hydrophila	strain=GSH8-2		latest	Complete Genome	Major	Full	2019/02/14	ASM429643v1	Laboratory of Bacterial Genomics, Pathogen Genomics Center, National Institute of Infectious Diseases	GCA_004296435.1	identical	ftp://ftp.ncbi.nlm.nih.gov/genomes/all/GCF/004/296/435/GCF_004296435.1_ASM429643v1	./data/refseq/bacteria/GCF_004296435.1/GCF_004296435.1_ASM429643v1_assembly_report.txt
GCF_004296435.1	PRJNA224116	SAMD00144877			na		644	644	Aeromonas hydrophila	strain=GSH8-2		latest	Complete Genome	Major	Full	2019/02/14	ASM429643v1	Laboratory of Bacterial Genomics, Pathogen Genomics Center, National Institute of Infectious Diseases	GCA_004296435.1	identical	ftp://ftp.ncbi.nlm.nih.gov/genomes/all/GCF/004/296/435/GCF_004296435.1_ASM429643v1	./data/refseq/bacteria/GCF_004296435.1/GCF_004296435.1_ASM429643v1_assembly_stats.txt
GCF_004296435.1	PRJNA224116	SAMD00144877			na		644	644	Aeromonas hydrophila	strain=GSH8-2		latest	Complete Genome	Major	Full	2019/02/14	ASM429643v1	Laboratory of Bacterial Genomics, Pathogen Genomics Center, National Institute of Infectious Diseases	GCA_004296435.1	identical	ftp://ftp.ncbi.nlm.nih.gov/genomes/all/GCF/004/296/435/GCF_004296435.1_ASM429643v1	./data/refseq/bacteria/GCF_004296435.1/GCF_004296435.1_ASM429643v1_feature_table.txt.gz
GCF_004684305.1	PRJNA224116	SAMN11293745			na		644	644	Aeromonas hydrophila	strain=WCX23		latest	Complete Genome	Major	Full	2019/04/07	ASM468430v1	Hunan Agricultural University	GCA_004684305.1	identical	ftp://ftp.ncbi.nlm.nih.gov/genomes/all/GCF/004/684/305/GCF_004684305.1_ASM468430v1	./data/refseq/bacteria/GCF_004684305.1/GCF_004684305.1_ASM468430v1_genomic.fna.gz
GCF_004684305.1	PRJNA224116	SAMN11293745			na		644	644	Aeromonas hydrophila	strain=WCX23		latest	Complete Genome	Major	Full	2019/04/07	ASM468430v1	Hunan Agricultural University	GCA_004684305.1	identical	ftp://ftp.ncbi.nlm.nih.gov/genomes/all/GCF/004/684/305/GCF_004684305.1_ASM468430v1	./data/refseq/bacteria/GCF_004684305.1/GCF_004684305.1_ASM468430v1_rna_from_genomic.fna.gz
GCF_004684305.1	PRJNA224116	SAMN11293745			na		644	644	Aeromonas hydrophila	strain=WCX23		latest	Complete Genome	Major	Full	2019/04/07	ASM468430v1	Hunan Agricultural University	GCA_004684305.1	identical	ftp://ftp.ncbi.nlm.nih.gov/genomes/all/GCF/004/684/305/GCF_004684305.1_ASM468430v1	./data/refseq/bacteria/GCF_004684305.1/GCF_004684305.1_ASM468430v1_assembly_report.txt
GCF_004684305.1	PRJNA224116	SAMN11293745			na		644	644	Aeromonas hydrophila	strain=WCX23		latest	Complete Genome	Major	Full	2019/04/07	ASM468430v1	Hunan Agricultural University	GCA_004684305.1	identical	ftp://ftp.ncbi.nlm.nih.gov/genomes/all/GCF/004/684/305/GCF_004684305.1_ASM468430v1	./data/refseq/bacteria/GCF_004684305.1/GCF_004684305.1_ASM468430v1_assembly_stats.txt
GCF_004684305.1	PRJNA224116	SAMN11293745			na		644	644	Aeromonas hydrophila	strain=WCX23		latest	Complete Genome	Major	Full	2019/04/07	ASM468430v1	Hunan Agricultural University	GCA_004684305.1	identical	ftp://ftp.ncbi.nlm.nih.gov/genomes/all/GCF/004/684/305/GCF_004684305.1_ASM468430v1	./data/refseq/bacteria/GCF_004684305.1/GCF_004684305.1_ASM468430v1_feature_table.txt.gz
GCF_004684325.1	PRJNA224116	SAMN11293757			na		644	644	Aeromonas hydrophila	strain=23-C-23		latest	Complete Genome	Major	Full	2019/04/07	ASM468432v1	Hunan Agricultural University	GCA_004684325.1	identical	ftp://ftp.ncbi.nlm.nih.gov/genomes/all/GCF/004/684/325/GCF_004684325.1_ASM468432v1	./data/refseq/bacteria/GCF_004684325.1/GCF_004684325.1_ASM468432v1_genomic.fna.gz
GCF_004684325.1	PRJNA224116	SAMN11293757			na		644	644	Aeromonas hydrophila	strain=23-C-23		latest	Complete Genome	Major	Full	2019/04/07	ASM468432v1	Hunan Agricultural University	GCA_004684325.1	identical	ftp://ftp.ncbi.nlm.nih.gov/genomes/all/GCF/004/684/325/GCF_004684325.1_ASM468432v1	./data/refseq/bacteria/GCF_004684325.1/GCF_004684325.1_ASM468432v1_rna_from_genomic.fna.gz
GCF_004684325.1	PRJNA224116	SAMN11293757			na		644	644	Aeromonas hydrophila	strain=23-C-23		latest	Complete Genome	Major	Full	2019/04/07	ASM468432v1	Hunan Agricultural University	GCA_004684325.1	identical	ftp://ftp.ncbi.nlm.nih.gov/genomes/all/GCF/004/684/325/GCF_004684325.1_ASM468432v1	./data/refseq/bacteria/GCF_004684325.1/GCF_004684325.1_ASM468432v1_assembly_report.txt
GCF_004684325.1	PRJNA224116	SAMN11293757			na		644	644	Aeromonas hydrophila	strain=23-C-23		latest	Complete Genome	Major	Full	2019/04/07	ASM468432v1	Hunan Agricultural University	GCA_004684325.1	identical	ftp://ftp.ncbi.nlm.nih.gov/genomes/all/GCF/004/684/325/GCF_004684325.1_ASM468432v1	./data/refseq/bacteria/GCF_004684325.1/GCF_004684325.1_ASM468432v1_assembly_stats.txt
GCF_004684325.1	PRJNA224116	SAMN11293757			na		644	644	Aeromonas hydrophila	strain=23-C-23		latest	Complete Genome	Major	Full	2019/04/07	ASM468432v1	Hunan Agricultural University	GCA_004684325.1	identical	ftp://ftp.ncbi.nlm.nih.gov/genomes/all/GCF/004/684/325/GCF_004684325.1_ASM468432v1	./data/refseq/bacteria/GCF_004684325.1/GCF_004684325.1_ASM468432v1_feature_table.txt.gz
GCF_009791455.1	PRJNA224116	SAMN13567714			na		644	644	Aeromonas hydrophila	strain=HX-3		latest	Complete Genome	Major	Full	2019/12/23	ASM979145v1	Ningbo University	GCA_009791455.1	identical	ftp://ftp.ncbi.nlm.nih.gov/genomes/all/GCF/009/791/455/GCF_009791455.1_ASM979145v1	./data/refseq/bacteria/GCF_009791455.1/GCF_009791455.1_ASM979145v1_genomic.fna.gz
GCF_009791455.1	PRJNA224116	SAMN13567714			na		644	644	Aeromonas hydrophila	strain=HX-3		latest	Complete Genome	Major	Full	2019/12/23	ASM979145v1	Ningbo University	GCA_009791455.1	identical	ftp://ftp.ncbi.nlm.nih.gov/genomes/all/GCF/009/791/455/GCF_009791455.1_ASM979145v1	./data/refseq/bacteria/GCF_009791455.1/GCF_009791455.1_ASM979145v1_rna_from_genomic.fna.gz
GCF_009791455.1	PRJNA224116	SAMN13567714			na		644	644	Aeromonas hydrophila	strain=HX-3		latest	Complete Genome	Major	Full	2019/12/23	ASM979145v1	Ningbo University	GCA_009791455.1	identical	ftp://ftp.ncbi.nlm.nih.gov/genomes/all/GCF/009/791/455/GCF_009791455.1_ASM979145v1	./data/refseq/bacteria/GCF_009791455.1/GCF_009791455.1_ASM979145v1_assembly_report.txt
GCF_009791455.1	PRJNA224116	SAMN13567714			na		644	644	Aeromonas hydrophila	strain=HX-3		latest	Complete Genome	Major	Full	2019/12/23	ASM979145v1	Ningbo University	GCA_009791455.1	identical	ftp://ftp.ncbi.nlm.nih.gov/genomes/all/GCF/009/791/455/GCF_009791455.1_ASM979145v1	./data/refseq/bacteria/GCF_009791455.1/GCF_009791455.1_ASM979145v1_assembly_stats.txt
GCF_009791455.1	PRJNA224116	SAMN13567714			na		644	644	Aeromonas hydrophila	strain=HX-3		latest	Complete Genome	Major	Full	2019/12/23	ASM979145v1	Ningbo University	GCA_009791455.1	identical	ftp://ftp.ncbi.nlm.nih.gov/genomes/all/GCF/009/791/455/GCF_009791455.1_ASM979145v1	./data/refseq/bacteria/GCF_009791455.1/GCF_009791455.1_ASM979145v1_feature_table.txt.gz
GCF_011602425.1	PRJNA224116	SAMN14351661			na		644	644	Aeromonas hydrophila	strain=LHW39		latest	Complete Genome	Major	Full	2020/03/21	ASM1160242v1	Huazhong Agricultural University	GCA_011602425.1	identical	ftp://ftp.ncbi.nlm.nih.gov/genomes/all/GCF/011/602/425/GCF_011602425.1_ASM1160242v1	./data/refseq/bacteria/GCF_011602425.1/GCF_011602425.1_ASM1160242v1_genomic.fna.gz
GCF_011602425.1	PRJNA224116	SAMN14351661			na		644	644	Aeromonas hydrophila	strain=LHW39		latest	Complete Genome	Major	Full	2020/03/21	ASM1160242v1	Huazhong Agricultural University	GCA_011602425.1	identical	ftp://ftp.ncbi.nlm.nih.gov/genomes/all/GCF/011/602/425/GCF_011602425.1_ASM1160242v1	./data/refseq/bacteria/GCF_011602425.1/GCF_011602425.1_ASM1160242v1_rna_from_genomic.fna.gz
GCF_011602425.1	PRJNA224116	SAMN14351661			na		644	644	Aeromonas hydrophila	strain=LHW39		latest	Complete Genome	Major	Full	2020/03/21	ASM1160242v1	Huazhong Agricultural University	GCA_011602425.1	identical	ftp://ftp.ncbi.nlm.nih.gov/genomes/all/GCF/011/602/425/GCF_011602425.1_ASM1160242v1	./data/refseq/bacteria/GCF_011602425.1/GCF_011602425.1_ASM1160242v1_assembly_report.txt
GCF_011602425.1	PRJNA224116	SAMN14351661			na		644	644	Aeromonas hydrophila	strain=LHW39		latest	Complete Genome	Major	Full	2020/03/21	ASM1160242v1	Huazhong Agricultural University	GCA_011602425.1	identical	ftp://ftp.ncbi.nlm.nih.gov/genomes/all/GCF/011/602/425/GCF_011602425.1_ASM1160242v1	./data/refseq/bacteria/GCF_011602425.1/GCF_011602425.1_ASM1160242v1_assembly_stats.txt
GCF_011602425.1	PRJNA224116	SAMN14351661			na		644	644	Aeromonas hydrophila	strain=LHW39		latest	Complete Genome	Major	Full	2020/03/21	ASM1160242v1	Huazhong Agricultural University	GCA_011602425.1	identical	ftp://ftp.ncbi.nlm.nih.gov/genomes/all/GCF/011/602/425/GCF_011602425.1_ASM1160242v1	./data/refseq/bacteria/GCF_011602425.1/GCF_011602425.1_ASM1160242v1_feature_table.txt.gz
GCF_012273595.1	PRJNA224116	SAMN14533640			na		644	644	Aeromonas hydrophila	strain=NEB724		latest	Complete Genome	Major	Full	2020/04/12	ASM1227359v1	NEB	GCA_012273595.1	identical	ftp://ftp.ncbi.nlm.nih.gov/genomes/all/GCF/012/273/595/GCF_012273595.1_ASM1227359v1	./data/refseq/bacteria/GCF_012273595.1/GCF_012273595.1_ASM1227359v1_genomic.fna.gz
GCF_012273595.1	PRJNA224116	SAMN14533640			na		644	644	Aeromonas hydrophila	strain=NEB724		latest	Complete Genome	Major	Full	2020/04/12	ASM1227359v1	NEB	GCA_012273595.1	identical	ftp://ftp.ncbi.nlm.nih.gov/genomes/all/GCF/012/273/595/GCF_012273595.1_ASM1227359v1	./data/refseq/bacteria/GCF_012273595.1/GCF_012273595.1_ASM1227359v1_rna_from_genomic.fna.gz
GCF_012273595.1	PRJNA224116	SAMN14533640			na		644	644	Aeromonas hydrophila	strain=NEB724		latest	Complete Genome	Major	Full	2020/04/12	ASM1227359v1	NEB	GCA_012273595.1	identical	ftp://ftp.ncbi.nlm.nih.gov/genomes/all/GCF/012/273/595/GCF_012273595.1_ASM1227359v1	./data/refseq/bacteria/GCF_012273595.1/GCF_012273595.1_ASM1227359v1_assembly_report.txt
GCF_012273595.1	PRJNA224116	SAMN14533640			na		644	644	Aeromonas hydrophila	strain=NEB724		latest	Complete Genome	Major	Full	2020/04/12	ASM1227359v1	NEB	GCA_012273595.1	identical	ftp://ftp.ncbi.nlm.nih.gov/genomes/all/GCF/012/273/595/GCF_012273595.1_ASM1227359v1	./data/refseq/bacteria/GCF_012273595.1/GCF_012273595.1_ASM1227359v1_assembly_stats.txt
GCF_012273595.1	PRJNA224116	SAMN14533640			na		644	644	Aeromonas hydrophila	strain=NEB724		latest	Complete Genome	Major	Full	2020/04/12	ASM1227359v1	NEB	GCA_012273595.1	identical	ftp://ftp.ncbi.nlm.nih.gov/genomes/all/GCF/012/273/595/GCF_012273595.1_ASM1227359v1	./data/refseq/bacteria/GCF_012273595.1/GCF_012273595.1_ASM1227359v1_feature_table.txt.gz
GCF_014161955.1	PRJNA224116	SAMD00194576			na		644	644	Aeromonas hydrophila	strain=WP7-S18-ESBL-06		latest	Complete Genome	Major	Full	2020/07/21	ASM1416195v1	Laboratory of Bacterial Genomics, Pathogen Genomics Center, National Institute of Infectious Diseases	GCA_014161955.1	identical	ftp://ftp.ncbi.nlm.nih.gov/genomes/all/GCF/014/161/955/GCF_014161955.1_ASM1416195v1	./data/refseq/bacteria/GCF_014161955.1/GCF_014161955.1_ASM1416195v1_genomic.fna.gz
GCF_014161955.1	PRJNA224116	SAMD00194576			na		644	644	Aeromonas hydrophila	strain=WP7-S18-ESBL-06		latest	Complete Genome	Major	Full	2020/07/21	ASM1416195v1	Laboratory of Bacterial Genomics, Pathogen Genomics Center, National Institute of Infectious Diseases	GCA_014161955.1	identical	ftp://ftp.ncbi.nlm.nih.gov/genomes/all/GCF/014/161/955/GCF_014161955.1_ASM1416195v1	./data/refseq/bacteria/GCF_014161955.1/GCF_014161955.1_ASM1416195v1_rna_from_genomic.fna.gz
GCF_014161955.1	PRJNA224116	SAMD00194576			na		644	644	Aeromonas hydrophila	strain=WP7-S18-ESBL-06		latest	Complete Genome	Major	Full	2020/07/21	ASM1416195v1	Laboratory of Bacterial Genomics, Pathogen Genomics Center, National Institute of Infectious Diseases	GCA_014161955.1	identical	ftp://ftp.ncbi.nlm.nih.gov/genomes/all/GCF/014/161/955/GCF_014161955.1_ASM1416195v1	./data/refseq/bacteria/GCF_014161955.1/GCF_014161955.1_ASM1416195v1_assembly_report.txt
GCF_014161955.1	PRJNA224116	SAMD00194576			na		644	644	Aeromonas hydrophila	strain=WP7-S18-ESBL-06		latest	Complete Genome	Major	Full	2020/07/21	ASM1416195v1	Laboratory of Bacterial Genomics, Pathogen Genomics Center, National Institute of Infectious Diseases	GCA_014161955.1	identical	ftp://ftp.ncbi.nlm.nih.gov/genomes/all/GCF/014/161/955/GCF_014161955.1_ASM1416195v1	./data/refseq/bacteria/GCF_014161955.1/GCF_014161955.1_ASM1416195v1_assembly_stats.txt
GCF_014161955.1	PRJNA224116	SAMD00194576			na		644	644	Aeromonas hydrophila	strain=WP7-S18-ESBL-06		latest	Complete Genome	Major	Full	2020/07/21	ASM1416195v1	Laboratory of Bacterial Genomics, Pathogen Genomics Center, National Institute of Infectious Diseases	GCA_014161955.1	identical	ftp://ftp.ncbi.nlm.nih.gov/genomes/all/GCF/014/161/955/GCF_014161955.1_ASM1416195v1	./data/refseq/bacteria/GCF_014161955.1/GCF_014161955.1_ASM1416195v1_feature_table.txt.gz
GCF_014169715.1	PRJNA224116	SAMD00194624			na		644	644	Aeromonas hydrophila	strain=WP8-S18-ESBL-02		latest	Complete Genome	Major	Full	2020/07/21	ASM1416971v1	Laboratory of Bacterial Genomics, Pathogen Genomics Center, National Institute of Infectious Diseases	GCA_014169715.1	identical	ftp://ftp.ncbi.nlm.nih.gov/genomes/all/GCF/014/169/715/GCF_014169715.1_ASM1416971v1	./data/refseq/bacteria/GCF_014169715.1/GCF_014169715.1_ASM1416971v1_genomic.fna.gz
GCF_014169715.1	PRJNA224116	SAMD00194624			na		644	644	Aeromonas hydrophila	strain=WP8-S18-ESBL-02		latest	Complete Genome	Major	Full	2020/07/21	ASM1416971v1	Laboratory of Bacterial Genomics, Pathogen Genomics Center, National Institute of Infectious Diseases	GCA_014169715.1	identical	ftp://ftp.ncbi.nlm.nih.gov/genomes/all/GCF/014/169/715/GCF_014169715.1_ASM1416971v1	./data/refseq/bacteria/GCF_014169715.1/GCF_014169715.1_ASM1416971v1_rna_from_genomic.fna.gz
GCF_014169715.1	PRJNA224116	SAMD00194624			na		644	644	Aeromonas hydrophila	strain=WP8-S18-ESBL-02		latest	Complete Genome	Major	Full	2020/07/21	ASM1416971v1	Laboratory of Bacterial Genomics, Pathogen Genomics Center, National Institute of Infectious Diseases	GCA_014169715.1	identical	ftp://ftp.ncbi.nlm.nih.gov/genomes/all/GCF/014/169/715/GCF_014169715.1_ASM1416971v1	./data/refseq/bacteria/GCF_014169715.1/GCF_014169715.1_ASM1416971v1_assembly_report.txt
GCF_014169715.1	PRJNA224116	SAMD00194624			na		644	644	Aeromonas hydrophila	strain=WP8-S18-ESBL-02		latest	Complete Genome	Major	Full	2020/07/21	ASM1416971v1	Laboratory of Bacterial Genomics, Pathogen Genomics Center, National Institute of Infectious Diseases	GCA_014169715.1	identical	ftp://ftp.ncbi.nlm.nih.gov/genomes/all/GCF/014/169/715/GCF_014169715.1_ASM1416971v1	./data/refseq/bacteria/GCF_014169715.1/GCF_014169715.1_ASM1416971v1_assembly_stats.txt
GCF_014169715.1	PRJNA224116	SAMD00194624			na		644	644	Aeromonas hydrophila	strain=WP8-S18-ESBL-02		latest	Complete Genome	Major	Full	2020/07/21	ASM1416971v1	Laboratory of Bacterial Genomics, Pathogen Genomics Center, National Institute of Infectious Diseases	GCA_014169715.1	identical	ftp://ftp.ncbi.nlm.nih.gov/genomes/all/GCF/014/169/715/GCF_014169715.1_ASM1416971v1	./data/refseq/bacteria/GCF_014169715.1/GCF_014169715.1_ASM1416971v1_feature_table.txt.gz
GCF_014679585.1	PRJNA224116	SAMD00242552			na		644	644	Aeromonas hydrophila	strain=KAM330		latest	Complete Genome	Major	Full	2020/08/29	ASM1467958v1	AMR Research Center, National Institute of Infectious Diseases	GCA_014679585.1	identical	ftp://ftp.ncbi.nlm.nih.gov/genomes/all/GCF/014/679/585/GCF_014679585.1_ASM1467958v1	./data/refseq/bacteria/GCF_014679585.1/GCF_014679585.1_ASM1467958v1_genomic.fna.gz
GCF_014679585.1	PRJNA224116	SAMD00242552			na		644	644	Aeromonas hydrophila	strain=KAM330		latest	Complete Genome	Major	Full	2020/08/29	ASM1467958v1	AMR Research Center, National Institute of Infectious Diseases	GCA_014679585.1	identical	ftp://ftp.ncbi.nlm.nih.gov/genomes/all/GCF/014/679/585/GCF_014679585.1_ASM1467958v1	./data/refseq/bacteria/GCF_014679585.1/GCF_014679585.1_ASM1467958v1_rna_from_genomic.fna.gz
GCF_014679585.1	PRJNA224116	SAMD00242552			na		644	644	Aeromonas hydrophila	strain=KAM330		latest	Complete Genome	Major	Full	2020/08/29	ASM1467958v1	AMR Research Center, National Institute of Infectious Diseases	GCA_014679585.1	identical	ftp://ftp.ncbi.nlm.nih.gov/genomes/all/GCF/014/679/585/GCF_014679585.1_ASM1467958v1	./data/refseq/bacteria/GCF_014679585.1/GCF_014679585.1_ASM1467958v1_assembly_report.txt
GCF_014679585.1	PRJNA224116	SAMD00242552			na		644	644	Aeromonas hydrophila	strain=KAM330		latest	Complete Genome	Major	Full	2020/08/29	ASM1467958v1	AMR Research Center, National Institute of Infectious Diseases	GCA_014679585.1	identical	ftp://ftp.ncbi.nlm.nih.gov/genomes/all/GCF/014/679/585/GCF_014679585.1_ASM1467958v1	./data/refseq/bacteria/GCF_014679585.1/GCF_014679585.1_ASM1467958v1_assembly_stats.txt
GCF_014679585.1	PRJNA224116	SAMD00242552			na		644	644	Aeromonas hydrophila	strain=KAM330		latest	Complete Genome	Major	Full	2020/08/29	ASM1467958v1	AMR Research Center, National Institute of Infectious Diseases	GCA_014679585.1	identical	ftp://ftp.ncbi.nlm.nih.gov/genomes/all/GCF/014/679/585/GCF_014679585.1_ASM1467958v1	./data/refseq/bacteria/GCF_014679585.1/GCF_014679585.1_ASM1467958v1_feature_table.txt.gz
GCF_016026875.1	PRJNA224116	SAMN13450446			na		644	644	Aeromonas hydrophila	strain=FDAARGOS_916		latest	Complete Genome	Major	Full	2020/12/14	ASM1602687v1	US Food and Drug Administration	GCA_016026875.1	identical	ftp://ftp.ncbi.nlm.nih.gov/genomes/all/GCF/016/026/875/GCF_016026875.1_ASM1602687v1	./data/refseq/bacteria/GCF_016026875.1/GCF_016026875.1_ASM1602687v1_genomic.fna.gz
GCF_016026875.1	PRJNA224116	SAMN13450446			na		644	644	Aeromonas hydrophila	strain=FDAARGOS_916		latest	Complete Genome	Major	Full	2020/12/14	ASM1602687v1	US Food and Drug Administration	GCA_016026875.1	identical	ftp://ftp.ncbi.nlm.nih.gov/genomes/all/GCF/016/026/875/GCF_016026875.1_ASM1602687v1	./data/refseq/bacteria/GCF_016026875.1/GCF_016026875.1_ASM1602687v1_rna_from_genomic.fna.gz
GCF_016026875.1	PRJNA224116	SAMN13450446			na		644	644	Aeromonas hydrophila	strain=FDAARGOS_916		latest	Complete Genome	Major	Full	2020/12/14	ASM1602687v1	US Food and Drug Administration	GCA_016026875.1	identical	ftp://ftp.ncbi.nlm.nih.gov/genomes/all/GCF/016/026/875/GCF_016026875.1_ASM1602687v1	./data/refseq/bacteria/GCF_016026875.1/GCF_016026875.1_ASM1602687v1_assembly_report.txt
GCF_016026875.1	PRJNA224116	SAMN13450446			na		644	644	Aeromonas hydrophila	strain=FDAARGOS_916		latest	Complete Genome	Major	Full	2020/12/14	ASM1602687v1	US Food and Drug Administration	GCA_016026875.1	identical	ftp://ftp.ncbi.nlm.nih.gov/genomes/all/GCF/016/026/875/GCF_016026875.1_ASM1602687v1	./data/refseq/bacteria/GCF_016026875.1/GCF_016026875.1_ASM1602687v1_assembly_stats.txt
GCF_016026875.1	PRJNA224116	SAMN13450446			na		644	644	Aeromonas hydrophila	strain=FDAARGOS_916		latest	Complete Genome	Major	Full	2020/12/14	ASM1602687v1	US Food and Drug Administration	GCA_016026875.1	identical	ftp://ftp.ncbi.nlm.nih.gov/genomes/all/GCF/016/026/875/GCF_016026875.1_ASM1602687v1	./data/refseq/bacteria/GCF_016026875.1/GCF_016026875.1_ASM1602687v1_feature_table.txt.gz
GCF_016592295.1	PRJNA224116	SAMD00261012			na		644	644	Aeromonas hydrophila	strain=Aeromonas hydrophila		latest	Complete Genome	Major	Full	2020/12/19	ASM1659229v1	Veterinary Public Health Veterinary Medicine, Kitasato University	GCA_016592295.1	identical	ftp://ftp.ncbi.nlm.nih.gov/genomes/all/GCF/016/592/295/GCF_016592295.1_ASM1659229v1	./data/refseq/bacteria/GCF_016592295.1/GCF_016592295.1_ASM1659229v1_genomic.fna.gz
GCF_016592295.1	PRJNA224116	SAMD00261012			na		644	644	Aeromonas hydrophila	strain=Aeromonas hydrophila		latest	Complete Genome	Major	Full	2020/12/19	ASM1659229v1	Veterinary Public Health Veterinary Medicine, Kitasato University	GCA_016592295.1	identical	ftp://ftp.ncbi.nlm.nih.gov/genomes/all/GCF/016/592/295/GCF_016592295.1_ASM1659229v1	./data/refseq/bacteria/GCF_016592295.1/GCF_016592295.1_ASM1659229v1_rna_from_genomic.fna.gz
GCF_016592295.1	PRJNA224116	SAMD00261012			na		644	644	Aeromonas hydrophila	strain=Aeromonas hydrophila		latest	Complete Genome	Major	Full	2020/12/19	ASM1659229v1	Veterinary Public Health Veterinary Medicine, Kitasato University	GCA_016592295.1	identical	ftp://ftp.ncbi.nlm.nih.gov/genomes/all/GCF/016/592/295/GCF_016592295.1_ASM1659229v1	./data/refseq/bacteria/GCF_016592295.1/GCF_016592295.1_ASM1659229v1_assembly_report.txt
GCF_016592295.1	PRJNA224116	SAMD00261012			na		644	644	Aeromonas hydrophila	strain=Aeromonas hydrophila		latest	Complete Genome	Major	Full	2020/12/19	ASM1659229v1	Veterinary Public Health Veterinary Medicine, Kitasato University	GCA_016592295.1	identical	ftp://ftp.ncbi.nlm.nih.gov/genomes/all/GCF/016/592/295/GCF_016592295.1_ASM1659229v1	./data/refseq/bacteria/GCF_016592295.1/GCF_016592295.1_ASM1659229v1_assembly_stats.txt
GCF_016592295.1	PRJNA224116	SAMD00261012			na		644	644	Aeromonas hydrophila	strain=Aeromonas hydrophila		latest	Complete Genome	Major	Full	2020/12/19	ASM1659229v1	Veterinary Public Health Veterinary Medicine, Kitasato University	GCA_016592295.1	identical	ftp://ftp.ncbi.nlm.nih.gov/genomes/all/GCF/016/592/295/GCF_016592295.1_ASM1659229v1	./data/refseq/bacteria/GCF_016592295.1/GCF_016592295.1_ASM1659229v1_feature_table.txt.gz
GCF_017310075.1	PRJNA224116	SAMN13507464			na		644	644	Aeromonas hydrophila	strain=Aer_LaG34		latest	Chromosome	Major	Full	2021/03/09	ASM1731007v1	UFMG	GCA_017310075.1	identical	ftp://ftp.ncbi.nlm.nih.gov/genomes/all/GCF/017/310/075/GCF_017310075.1_ASM1731007v1	./data/refseq/bacteria/GCF_017310075.1/GCF_017310075.1_ASM1731007v1_genomic.fna.gz
GCF_017310075.1	PRJNA224116	SAMN13507464			na		644	644	Aeromonas hydrophila	strain=Aer_LaG34		latest	Chromosome	Major	Full	2021/03/09	ASM1731007v1	UFMG	GCA_017310075.1	identical	ftp://ftp.ncbi.nlm.nih.gov/genomes/all/GCF/017/310/075/GCF_017310075.1_ASM1731007v1	./data/refseq/bacteria/GCF_017310075.1/GCF_017310075.1_ASM1731007v1_rna_from_genomic.fna.gz
GCF_017310075.1	PRJNA224116	SAMN13507464			na		644	644	Aeromonas hydrophila	strain=Aer_LaG34		latest	Chromosome	Major	Full	2021/03/09	ASM1731007v1	UFMG	GCA_017310075.1	identical	ftp://ftp.ncbi.nlm.nih.gov/genomes/all/GCF/017/310/075/GCF_017310075.1_ASM1731007v1	./data/refseq/bacteria/GCF_017310075.1/GCF_017310075.1_ASM1731007v1_assembly_report.txt
GCF_017310075.1	PRJNA224116	SAMN13507464			na		644	644	Aeromonas hydrophila	strain=Aer_LaG34		latest	Chromosome	Major	Full	2021/03/09	ASM1731007v1	UFMG	GCA_017310075.1	identical	ftp://ftp.ncbi.nlm.nih.gov/genomes/all/GCF/017/310/075/GCF_017310075.1_ASM1731007v1	./data/refseq/bacteria/GCF_017310075.1/GCF_017310075.1_ASM1731007v1_assembly_stats.txt
GCF_017310075.1	PRJNA224116	SAMN13507464			na		644	644	Aeromonas hydrophila	strain=Aer_LaG34		latest	Chromosome	Major	Full	2021/03/09	ASM1731007v1	UFMG	GCA_017310075.1	identical	ftp://ftp.ncbi.nlm.nih.gov/genomes/all/GCF/017/310/075/GCF_017310075.1_ASM1731007v1	./data/refseq/bacteria/GCF_017310075.1/GCF_017310075.1_ASM1731007v1_feature_table.txt.gz
GCF_017310115.1	PRJNA224116	SAMN13514046			na		644	644	Aeromonas hydrophila	strain=Aer_OnP4.2		latest	Chromosome	Major	Full	2021/03/09	ASM1731011v1	UFMG	GCA_017310115.1	identical	ftp://ftp.ncbi.nlm.nih.gov/genomes/all/GCF/017/310/115/GCF_017310115.1_ASM1731011v1	./data/refseq/bacteria/GCF_017310115.1/GCF_017310115.1_ASM1731011v1_genomic.fna.gz
GCF_017310115.1	PRJNA224116	SAMN13514046			na		644	644	Aeromonas hydrophila	strain=Aer_OnP4.2		latest	Chromosome	Major	Full	2021/03/09	ASM1731011v1	UFMG	GCA_017310115.1	identical	ftp://ftp.ncbi.nlm.nih.gov/genomes/all/GCF/017/310/115/GCF_017310115.1_ASM1731011v1	./data/refseq/bacteria/GCF_017310115.1/GCF_017310115.1_ASM1731011v1_rna_from_genomic.fna.gz
GCF_017310115.1	PRJNA224116	SAMN13514046			na		644	644	Aeromonas hydrophila	strain=Aer_OnP4.2		latest	Chromosome	Major	Full	2021/03/09	ASM1731011v1	UFMG	GCA_017310115.1	identical	ftp://ftp.ncbi.nlm.nih.gov/genomes/all/GCF/017/310/115/GCF_017310115.1_ASM1731011v1	./data/refseq/bacteria/GCF_017310115.1/GCF_017310115.1_ASM1731011v1_assembly_report.txt
GCF_017310115.1	PRJNA224116	SAMN13514046			na		644	644	Aeromonas hydrophila	strain=Aer_OnP4.2		latest	Chromosome	Major	Full	2021/03/09	ASM1731011v1	UFMG	GCA_017310115.1	identical	ftp://ftp.ncbi.nlm.nih.gov/genomes/all/GCF/017/310/115/GCF_017310115.1_ASM1731011v1	./data/refseq/bacteria/GCF_017310115.1/GCF_017310115.1_ASM1731011v1_assembly_stats.txt
GCF_017310115.1	PRJNA224116	SAMN13514046			na		644	644	Aeromonas hydrophila	strain=Aer_OnP4.2		latest	Chromosome	Major	Full	2021/03/09	ASM1731011v1	UFMG	GCA_017310115.1	identical	ftp://ftp.ncbi.nlm.nih.gov/genomes/all/GCF/017/310/115/GCF_017310115.1_ASM1731011v1	./data/refseq/bacteria/GCF_017310115.1/GCF_017310115.1_ASM1731011v1_feature_table.txt.gz
GCF_017310135.1	PRJNA224116	SAMN13540891			na		644	644	Aeromonas hydrophila	strain=Aer_LaG33		latest	Chromosome	Major	Full	2021/03/09	ASM1731013v1	UFMG	GCA_017310135.1	identical	ftp://ftp.ncbi.nlm.nih.gov/genomes/all/GCF/017/310/135/GCF_017310135.1_ASM1731013v1	./data/refseq/bacteria/GCF_017310135.1/GCF_017310135.1_ASM1731013v1_genomic.fna.gz
GCF_017310135.1	PRJNA224116	SAMN13540891			na		644	644	Aeromonas hydrophila	strain=Aer_LaG33		latest	Chromosome	Major	Full	2021/03/09	ASM1731013v1	UFMG	GCA_017310135.1	identical	ftp://ftp.ncbi.nlm.nih.gov/genomes/all/GCF/017/310/135/GCF_017310135.1_ASM1731013v1	./data/refseq/bacteria/GCF_017310135.1/GCF_017310135.1_ASM1731013v1_rna_from_genomic.fna.gz
GCF_017310135.1	PRJNA224116	SAMN13540891			na		644	644	Aeromonas hydrophila	strain=Aer_LaG33		latest	Chromosome	Major	Full	2021/03/09	ASM1731013v1	UFMG	GCA_017310135.1	identical	ftp://ftp.ncbi.nlm.nih.gov/genomes/all/GCF/017/310/135/GCF_017310135.1_ASM1731013v1	./data/refseq/bacteria/GCF_017310135.1/GCF_017310135.1_ASM1731013v1_assembly_report.txt
GCF_017310135.1	PRJNA224116	SAMN13540891			na		644	644	Aeromonas hydrophila	strain=Aer_LaG33		latest	Chromosome	Major	Full	2021/03/09	ASM1731013v1	UFMG	GCA_017310135.1	identical	ftp://ftp.ncbi.nlm.nih.gov/genomes/all/GCF/017/310/135/GCF_017310135.1_ASM1731013v1	./data/refseq/bacteria/GCF_017310135.1/GCF_017310135.1_ASM1731013v1_assembly_stats.txt
GCF_017310135.1	PRJNA224116	SAMN13540891			na		644	644	Aeromonas hydrophila	strain=Aer_LaG33		latest	Chromosome	Major	Full	2021/03/09	ASM1731013v1	UFMG	GCA_017310135.1	identical	ftp://ftp.ncbi.nlm.nih.gov/genomes/all/GCF/017/310/135/GCF_017310135.1_ASM1731013v1	./data/refseq/bacteria/GCF_017310135.1/GCF_017310135.1_ASM1731013v1_feature_table.txt.gz
GCF_017310155.1	PRJNA224116	SAMN13514045			na		644	644	Aeromonas hydrophila	strain=Aer_OnP2.2		latest	Chromosome	Major	Full	2021/03/09	ASM1731015v1	UFMG	GCA_017310155.1	identical	ftp://ftp.ncbi.nlm.nih.gov/genomes/all/GCF/017/310/155/GCF_017310155.1_ASM1731015v1	./data/refseq/bacteria/GCF_017310155.1/GCF_017310155.1_ASM1731015v1_genomic.fna.gz
GCF_017310155.1	PRJNA224116	SAMN13514045			na		644	644	Aeromonas hydrophila	strain=Aer_OnP2.2		latest	Chromosome	Major	Full	2021/03/09	ASM1731015v1	UFMG	GCA_017310155.1	identical	ftp://ftp.ncbi.nlm.nih.gov/genomes/all/GCF/017/310/155/GCF_017310155.1_ASM1731015v1	./data/refseq/bacteria/GCF_017310155.1/GCF_017310155.1_ASM1731015v1_rna_from_genomic.fna.gz
GCF_017310155.1	PRJNA224116	SAMN13514045			na		644	644	Aeromonas hydrophila	strain=Aer_OnP2.2		latest	Chromosome	Major	Full	2021/03/09	ASM1731015v1	UFMG	GCA_017310155.1	identical	ftp://ftp.ncbi.nlm.nih.gov/genomes/all/GCF/017/310/155/GCF_017310155.1_ASM1731015v1	./data/refseq/bacteria/GCF_017310155.1/GCF_017310155.1_ASM1731015v1_assembly_report.txt
GCF_017310155.1	PRJNA224116	SAMN13514045			na		644	644	Aeromonas hydrophila	strain=Aer_OnP2.2		latest	Chromosome	Major	Full	2021/03/09	ASM1731015v1	UFMG	GCA_017310155.1	identical	ftp://ftp.ncbi.nlm.nih.gov/genomes/all/GCF/017/310/155/GCF_017310155.1_ASM1731015v1	./data/refseq/bacteria/GCF_017310155.1/GCF_017310155.1_ASM1731015v1_assembly_stats.txt
GCF_017310155.1	PRJNA224116	SAMN13514045			na		644	644	Aeromonas hydrophila	strain=Aer_OnP2.2		latest	Chromosome	Major	Full	2021/03/09	ASM1731015v1	UFMG	GCA_017310155.1	identical	ftp://ftp.ncbi.nlm.nih.gov/genomes/all/GCF/017/310/155/GCF_017310155.1_ASM1731015v1	./data/refseq/bacteria/GCF_017310155.1/GCF_017310155.1_ASM1731015v1_feature_table.txt.gz
GCF_017310195.1	PRJNA224116	SAMN13353934			na		644	644	Aeromonas hydrophila	strain=Brac6		latest	Complete Genome	Major	Full	2021/03/09	ASM1731019v1	UFTM	GCA_017310195.1	identical	ftp://ftp.ncbi.nlm.nih.gov/genomes/all/GCF/017/310/195/GCF_017310195.1_ASM1731019v1	./data/refseq/bacteria/GCF_017310195.1/GCF_017310195.1_ASM1731019v1_genomic.fna.gz
GCF_017310195.1	PRJNA224116	SAMN13353934			na		644	644	Aeromonas hydrophila	strain=Brac6		latest	Complete Genome	Major	Full	2021/03/09	ASM1731019v1	UFTM	GCA_017310195.1	identical	ftp://ftp.ncbi.nlm.nih.gov/genomes/all/GCF/017/310/195/GCF_017310195.1_ASM1731019v1	./data/refseq/bacteria/GCF_017310195.1/GCF_017310195.1_ASM1731019v1_rna_from_genomic.fna.gz
GCF_017310195.1	PRJNA224116	SAMN13353934			na		644	644	Aeromonas hydrophila	strain=Brac6		latest	Complete Genome	Major	Full	2021/03/09	ASM1731019v1	UFTM	GCA_017310195.1	identical	ftp://ftp.ncbi.nlm.nih.gov/genomes/all/GCF/017/310/195/GCF_017310195.1_ASM1731019v1	./data/refseq/bacteria/GCF_017310195.1/GCF_017310195.1_ASM1731019v1_assembly_report.txt
GCF_017310195.1	PRJNA224116	SAMN13353934			na		644	644	Aeromonas hydrophila	strain=Brac6		latest	Complete Genome	Major	Full	2021/03/09	ASM1731019v1	UFTM	GCA_017310195.1	identical	ftp://ftp.ncbi.nlm.nih.gov/genomes/all/GCF/017/310/195/GCF_017310195.1_ASM1731019v1	./data/refseq/bacteria/GCF_017310195.1/GCF_017310195.1_ASM1731019v1_assembly_stats.txt
GCF_017310195.1	PRJNA224116	SAMN13353934			na		644	644	Aeromonas hydrophila	strain=Brac6		latest	Complete Genome	Major	Full	2021/03/09	ASM1731019v1	UFTM	GCA_017310195.1	identical	ftp://ftp.ncbi.nlm.nih.gov/genomes/all/GCF/017/310/195/GCF_017310195.1_ASM1731019v1	./data/refseq/bacteria/GCF_017310195.1/GCF_017310195.1_ASM1731019v1_feature_table.txt.gz
GCF_017310215.1	PRJNA224116	SAMN13545457			representative genome		644	644	Aeromonas hydrophila	strain=OnP3.1		latest	Complete Genome	Major	Full	2021/03/09	ASM1731021v1	UFTM	GCA_017310215.1	identical	ftp://ftp.ncbi.nlm.nih.gov/genomes/all/GCF/017/310/215/GCF_017310215.1_ASM1731021v1	./data/refseq/bacteria/GCF_017310215.1/GCF_017310215.1_ASM1731021v1_genomic.fna.gz
GCF_017310215.1	PRJNA224116	SAMN13545457			representative genome		644	644	Aeromonas hydrophila	strain=OnP3.1		latest	Complete Genome	Major	Full	2021/03/09	ASM1731021v1	UFTM	GCA_017310215.1	identical	ftp://ftp.ncbi.nlm.nih.gov/genomes/all/GCF/017/310/215/GCF_017310215.1_ASM1731021v1	./data/refseq/bacteria/GCF_017310215.1/GCF_017310215.1_ASM1731021v1_rna_from_genomic.fna.gz
GCF_017310215.1	PRJNA224116	SAMN13545457			representative genome		644	644	Aeromonas hydrophila	strain=OnP3.1		latest	Complete Genome	Major	Full	2021/03/09	ASM1731021v1	UFTM	GCA_017310215.1	identical	ftp://ftp.ncbi.nlm.nih.gov/genomes/all/GCF/017/310/215/GCF_017310215.1_ASM1731021v1	./data/refseq/bacteria/GCF_017310215.1/GCF_017310215.1_ASM1731021v1_assembly_report.txt
GCF_017310215.1	PRJNA224116	SAMN13545457			representative genome		644	644	Aeromonas hydrophila	strain=OnP3.1		latest	Complete Genome	Major	Full	2021/03/09	ASM1731021v1	UFTM	GCA_017310215.1	identical	ftp://ftp.ncbi.nlm.nih.gov/genomes/all/GCF/017/310/215/GCF_017310215.1_ASM1731021v1	./data/refseq/bacteria/GCF_017310215.1/GCF_017310215.1_ASM1731021v1_assembly_stats.txt
GCF_017310215.1	PRJNA224116	SAMN13545457			representative genome		644	644	Aeromonas hydrophila	strain=OnP3.1		latest	Complete Genome	Major	Full	2021/03/09	ASM1731021v1	UFTM	GCA_017310215.1	identical	ftp://ftp.ncbi.nlm.nih.gov/genomes/all/GCF/017/310/215/GCF_017310215.1_ASM1731021v1	./data/refseq/bacteria/GCF_017310215.1/GCF_017310215.1_ASM1731021v1_feature_table.txt.gz
GCF_002850695.3	PRJNA224116	SAMN07821593			na		196023	644	Aeromonas hydrophila subsp. hydrophila	strain=WCHAH045096		latest	Complete Genome	Major	Full	2019/08/16	ASM285069v3	West China Hospital, Sichuan University	GCA_002850695.3	identical	ftp://ftp.ncbi.nlm.nih.gov/genomes/all/GCF/002/850/695/GCF_002850695.3_ASM285069v3	./data/refseq/bacteria/GCF_002850695.3/GCF_002850695.3_ASM285069v3_genomic.fna.gz
GCF_002850695.3	PRJNA224116	SAMN07821593			na		196023	644	Aeromonas hydrophila subsp. hydrophila	strain=WCHAH045096		latest	Complete Genome	Major	Full	2019/08/16	ASM285069v3	West China Hospital, Sichuan University	GCA_002850695.3	identical	ftp://ftp.ncbi.nlm.nih.gov/genomes/all/GCF/002/850/695/GCF_002850695.3_ASM285069v3	./data/refseq/bacteria/GCF_002850695.3/GCF_002850695.3_ASM285069v3_rna_from_genomic.fna.gz
GCF_002850695.3	PRJNA224116	SAMN07821593			na		196023	644	Aeromonas hydrophila subsp. hydrophila	strain=WCHAH045096		latest	Complete Genome	Major	Full	2019/08/16	ASM285069v3	West China Hospital, Sichuan University	GCA_002850695.3	identical	ftp://ftp.ncbi.nlm.nih.gov/genomes/all/GCF/002/850/695/GCF_002850695.3_ASM285069v3	./data/refseq/bacteria/GCF_002850695.3/GCF_002850695.3_ASM285069v3_assembly_report.txt
GCF_002850695.3	PRJNA224116	SAMN07821593			na		196023	644	Aeromonas hydrophila subsp. hydrophila	strain=WCHAH045096		latest	Complete Genome	Major	Full	2019/08/16	ASM285069v3	West China Hospital, Sichuan University	GCA_002850695.3	identical	ftp://ftp.ncbi.nlm.nih.gov/genomes/all/GCF/002/850/695/GCF_002850695.3_ASM285069v3	./data/refseq/bacteria/GCF_002850695.3/GCF_002850695.3_ASM285069v3_assembly_stats.txt
GCF_002850695.3	PRJNA224116	SAMN07821593			na		196023	644	Aeromonas hydrophila subsp. hydrophila	strain=WCHAH045096		latest	Complete Genome	Major	Full	2019/08/16	ASM285069v3	West China Hospital, Sichuan University	GCA_002850695.3	identical	ftp://ftp.ncbi.nlm.nih.gov/genomes/all/GCF/002/850/695/GCF_002850695.3_ASM285069v3	./data/refseq/bacteria/GCF_002850695.3/GCF_002850695.3_ASM285069v3_feature_table.txt.gz
GCF_000014805.1	PRJNA224116	SAMN02604052			na	assembly from type material	380703	644	Aeromonas hydrophila subsp. hydrophila ATCC 7966	strain=ATCC 7966		latest	Complete Genome	Major	Full	2006/11/06	ASM1480v1	TIGR	GCA_000014805.1	identical	ftp://ftp.ncbi.nlm.nih.gov/genomes/all/GCF/000/014/805/GCF_000014805.1_ASM1480v1	./data/refseq/bacteria/GCF_000014805.1/GCF_000014805.1_ASM1480v1_genomic.fna.gz
GCF_000014805.1	PRJNA224116	SAMN02604052			na	assembly from type material	380703	644	Aeromonas hydrophila subsp. hydrophila ATCC 7966	strain=ATCC 7966		latest	Complete Genome	Major	Full	2006/11/06	ASM1480v1	TIGR	GCA_000014805.1	identical	ftp://ftp.ncbi.nlm.nih.gov/genomes/all/GCF/000/014/805/GCF_000014805.1_ASM1480v1	./data/refseq/bacteria/GCF_000014805.1/GCF_000014805.1_ASM1480v1_rna_from_genomic.fna.gz
GCF_000014805.1	PRJNA224116	SAMN02604052			na	assembly from type material	380703	644	Aeromonas hydrophila subsp. hydrophila ATCC 7966	strain=ATCC 7966		latest	Complete Genome	Major	Full	2006/11/06	ASM1480v1	TIGR	GCA_000014805.1	identical	ftp://ftp.ncbi.nlm.nih.gov/genomes/all/GCF/000/014/805/GCF_000014805.1_ASM1480v1	./data/refseq/bacteria/GCF_000014805.1/GCF_000014805.1_ASM1480v1_assembly_report.txt
GCF_000014805.1	PRJNA224116	SAMN02604052			na	assembly from type material	380703	644	Aeromonas hydrophila subsp. hydrophila ATCC 7966	strain=ATCC 7966		latest	Complete Genome	Major	Full	2006/11/06	ASM1480v1	TIGR	GCA_000014805.1	identical	ftp://ftp.ncbi.nlm.nih.gov/genomes/all/GCF/000/014/805/GCF_000014805.1_ASM1480v1	./data/refseq/bacteria/GCF_000014805.1/GCF_000014805.1_ASM1480v1_assembly_stats.txt
GCF_000014805.1	PRJNA224116	SAMN02604052			na	assembly from type material	380703	644	Aeromonas hydrophila subsp. hydrophila ATCC 7966	strain=ATCC 7966		latest	Complete Genome	Major	Full	2006/11/06	ASM1480v1	TIGR	GCA_000014805.1	identical	ftp://ftp.ncbi.nlm.nih.gov/genomes/all/GCF/000/014/805/GCF_000014805.1_ASM1480v1	./data/refseq/bacteria/GCF_000014805.1/GCF_000014805.1_ASM1480v1_feature_table.txt.gz
GCF_000401555.1	PRJNA224116	SAMN02603614			na		1288394	644	Aeromonas hydrophila ML09-119	strain=ML09-119		latest	Complete Genome	Major	Full	2013/05/24	ASM40155v1	Mississippi State University	GCA_000401555.1	identical	ftp://ftp.ncbi.nlm.nih.gov/genomes/all/GCF/000/401/555/GCF_000401555.1_ASM40155v1	./data/refseq/bacteria/GCF_000401555.1/GCF_000401555.1_ASM40155v1_genomic.fna.gz
GCF_000401555.1	PRJNA224116	SAMN02603614			na		1288394	644	Aeromonas hydrophila ML09-119	strain=ML09-119		latest	Complete Genome	Major	Full	2013/05/24	ASM40155v1	Mississippi State University	GCA_000401555.1	identical	ftp://ftp.ncbi.nlm.nih.gov/genomes/all/GCF/000/401/555/GCF_000401555.1_ASM40155v1	./data/refseq/bacteria/GCF_000401555.1/GCF_000401555.1_ASM40155v1_rna_from_genomic.fna.gz
GCF_000401555.1	PRJNA224116	SAMN02603614			na		1288394	644	Aeromonas hydrophila ML09-119	strain=ML09-119		latest	Complete Genome	Major	Full	2013/05/24	ASM40155v1	Mississippi State University	GCA_000401555.1	identical	ftp://ftp.ncbi.nlm.nih.gov/genomes/all/GCF/000/401/555/GCF_000401555.1_ASM40155v1	./data/refseq/bacteria/GCF_000401555.1/GCF_000401555.1_ASM40155v1_assembly_report.txt
GCF_000401555.1	PRJNA224116	SAMN02603614			na		1288394	644	Aeromonas hydrophila ML09-119	strain=ML09-119		latest	Complete Genome	Major	Full	2013/05/24	ASM40155v1	Mississippi State University	GCA_000401555.1	identical	ftp://ftp.ncbi.nlm.nih.gov/genomes/all/GCF/000/401/555/GCF_000401555.1_ASM40155v1	./data/refseq/bacteria/GCF_000401555.1/GCF_000401555.1_ASM40155v1_assembly_stats.txt
GCF_000401555.1	PRJNA224116	SAMN02603614			na		1288394	644	Aeromonas hydrophila ML09-119	strain=ML09-119		latest	Complete Genome	Major	Full	2013/05/24	ASM40155v1	Mississippi State University	GCA_000401555.1	identical	ftp://ftp.ncbi.nlm.nih.gov/genomes/all/GCF/000/401/555/GCF_000401555.1_ASM40155v1	./data/refseq/bacteria/GCF_000401555.1/GCF_000401555.1_ASM40155v1_feature_table.txt.gz
GCF_000633175.1	PRJNA224116	SAMN02726090			na		1321367	644	Aeromonas hydrophila subsp. hydrophila AL09-71	strain=AL09-71	4	latest	Complete Genome	Major	Full	2014/04/18	ASM63317v1	usda, ars, aahru	GCA_000633175.1	identical	ftp://ftp.ncbi.nlm.nih.gov/genomes/all/GCF/000/633/175/GCF_000633175.1_ASM63317v1	./data/refseq/bacteria/GCF_000633175.1/GCF_000633175.1_ASM63317v1_genomic.fna.gz
GCF_000633175.1	PRJNA224116	SAMN02726090			na		1321367	644	Aeromonas hydrophila subsp. hydrophila AL09-71	strain=AL09-71	4	latest	Complete Genome	Major	Full	2014/04/18	ASM63317v1	usda, ars, aahru	GCA_000633175.1	identical	ftp://ftp.ncbi.nlm.nih.gov/genomes/all/GCF/000/633/175/GCF_000633175.1_ASM63317v1	./data/refseq/bacteria/GCF_000633175.1/GCF_000633175.1_ASM63317v1_rna_from_genomic.fna.gz
GCF_000633175.1	PRJNA224116	SAMN02726090			na		1321367	644	Aeromonas hydrophila subsp. hydrophila AL09-71	strain=AL09-71	4	latest	Complete Genome	Major	Full	2014/04/18	ASM63317v1	usda, ars, aahru	GCA_000633175.1	identical	ftp://ftp.ncbi.nlm.nih.gov/genomes/all/GCF/000/633/175/GCF_000633175.1_ASM63317v1	./data/refseq/bacteria/GCF_000633175.1/GCF_000633175.1_ASM63317v1_assembly_report.txt
GCF_000633175.1	PRJNA224116	SAMN02726090			na		1321367	644	Aeromonas hydrophila subsp. hydrophila AL09-71	strain=AL09-71	4	latest	Complete Genome	Major	Full	2014/04/18	ASM63317v1	usda, ars, aahru	GCA_000633175.1	identical	ftp://ftp.ncbi.nlm.nih.gov/genomes/all/GCF/000/633/175/GCF_000633175.1_ASM63317v1	./data/refseq/bacteria/GCF_000633175.1/GCF_000633175.1_ASM63317v1_assembly_stats.txt
GCF_000633175.1	PRJNA224116	SAMN02726090			na		1321367	644	Aeromonas hydrophila subsp. hydrophila AL09-71	strain=AL09-71	4	latest	Complete Genome	Major	Full	2014/04/18	ASM63317v1	usda, ars, aahru	GCA_000633175.1	identical	ftp://ftp.ncbi.nlm.nih.gov/genomes/all/GCF/000/633/175/GCF_000633175.1_ASM63317v1	./data/refseq/bacteria/GCF_000633175.1/GCF_000633175.1_ASM63317v1_feature_table.txt.gz
GCF_000512185.1	PRJNA224116	SAMN02641590			na		1354302	644	Aeromonas hydrophila 4AK4	strain=4AK4		latest	Complete Genome	Major	Full	2013/12/30	ASM51218v1	Tsinghua University	GCA_000512185.1	identical	ftp://ftp.ncbi.nlm.nih.gov/genomes/all/GCF/000/512/185/GCF_000512185.1_ASM51218v1	./data/refseq/bacteria/GCF_000512185.1/GCF_000512185.1_ASM51218v1_genomic.fna.gz
GCF_000512185.1	PRJNA224116	SAMN02641590			na		1354302	644	Aeromonas hydrophila 4AK4	strain=4AK4		latest	Complete Genome	Major	Full	2013/12/30	ASM51218v1	Tsinghua University	GCA_000512185.1	identical	ftp://ftp.ncbi.nlm.nih.gov/genomes/all/GCF/000/512/185/GCF_000512185.1_ASM51218v1	./data/refseq/bacteria/GCF_000512185.1/GCF_000512185.1_ASM51218v1_rna_from_genomic.fna.gz
GCF_000512185.1	PRJNA224116	SAMN02641590			na		1354302	644	Aeromonas hydrophila 4AK4	strain=4AK4		latest	Complete Genome	Major	Full	2013/12/30	ASM51218v1	Tsinghua University	GCA_000512185.1	identical	ftp://ftp.ncbi.nlm.nih.gov/genomes/all/GCF/000/512/185/GCF_000512185.1_ASM51218v1	./data/refseq/bacteria/GCF_000512185.1/GCF_000512185.1_ASM51218v1_assembly_report.txt
GCF_000512185.1	PRJNA224116	SAMN02641590			na		1354302	644	Aeromonas hydrophila 4AK4	strain=4AK4		latest	Complete Genome	Major	Full	2013/12/30	ASM51218v1	Tsinghua University	GCA_000512185.1	identical	ftp://ftp.ncbi.nlm.nih.gov/genomes/all/GCF/000/512/185/GCF_000512185.1_ASM51218v1	./data/refseq/bacteria/GCF_000512185.1/GCF_000512185.1_ASM51218v1_assembly_stats.txt
GCF_000512185.1	PRJNA224116	SAMN02641590			na		1354302	644	Aeromonas hydrophila 4AK4	strain=4AK4		latest	Complete Genome	Major	Full	2013/12/30	ASM51218v1	Tsinghua University	GCA_000512185.1	identical	ftp://ftp.ncbi.nlm.nih.gov/genomes/all/GCF/000/512/185/GCF_000512185.1_ASM51218v1	./data/refseq/bacteria/GCF_000512185.1/GCF_000512185.1_ASM51218v1_feature_table.txt.gz
GCF_001019645.1	PRJNA224116	SAMN03744001			na		1416915	644	Aeromonas hydrophila NJ-35	strain=NJ-35		latest	Complete Genome	Major	Full	2015/06/03	ASM101964v1	Nanjing Agricultural University	GCA_001019645.1	identical	ftp://ftp.ncbi.nlm.nih.gov/genomes/all/GCF/001/019/645/GCF_001019645.1_ASM101964v1	./data/refseq/bacteria/GCF_001019645.1/GCF_001019645.1_ASM101964v1_genomic.fna.gz
GCF_001019645.1	PRJNA224116	SAMN03744001			na		1416915	644	Aeromonas hydrophila NJ-35	strain=NJ-35		latest	Complete Genome	Major	Full	2015/06/03	ASM101964v1	Nanjing Agricultural University	GCA_001019645.1	identical	ftp://ftp.ncbi.nlm.nih.gov/genomes/all/GCF/001/019/645/GCF_001019645.1_ASM101964v1	./data/refseq/bacteria/GCF_001019645.1/GCF_001019645.1_ASM101964v1_rna_from_genomic.fna.gz
GCF_001019645.1	PRJNA224116	SAMN03744001			na		1416915	644	Aeromonas hydrophila NJ-35	strain=NJ-35		latest	Complete Genome	Major	Full	2015/06/03	ASM101964v1	Nanjing Agricultural University	GCA_001019645.1	identical	ftp://ftp.ncbi.nlm.nih.gov/genomes/all/GCF/001/019/645/GCF_001019645.1_ASM101964v1	./data/refseq/bacteria/GCF_001019645.1/GCF_001019645.1_ASM101964v1_assembly_report.txt
GCF_001019645.1	PRJNA224116	SAMN03744001			na		1416915	644	Aeromonas hydrophila NJ-35	strain=NJ-35		latest	Complete Genome	Major	Full	2015/06/03	ASM101964v1	Nanjing Agricultural University	GCA_001019645.1	identical	ftp://ftp.ncbi.nlm.nih.gov/genomes/all/GCF/001/019/645/GCF_001019645.1_ASM101964v1	./data/refseq/bacteria/GCF_001019645.1/GCF_001019645.1_ASM101964v1_assembly_stats.txt
GCF_001019645.1	PRJNA224116	SAMN03744001			na		1416915	644	Aeromonas hydrophila NJ-35	strain=NJ-35		latest	Complete Genome	Major	Full	2015/06/03	ASM101964v1	Nanjing Agricultural University	GCA_001019645.1	identical	ftp://ftp.ncbi.nlm.nih.gov/genomes/all/GCF/001/019/645/GCF_001019645.1_ASM101964v1	./data/refseq/bacteria/GCF_001019645.1/GCF_001019645.1_ASM101964v1_feature_table.txt.gz
GCF_000635955.1	PRJNA224116	SAMN02728499			na		1418107	644	Aeromonas hydrophila pc104A	strain=PC-104A		latest	Complete Genome	Major	Full	2014/04/22	ASM63595v1	USDA, ARS, AAHRU	GCA_000635955.1	identical	ftp://ftp.ncbi.nlm.nih.gov/genomes/all/GCF/000/635/955/GCF_000635955.1_ASM63595v1	./data/refseq/bacteria/GCF_000635955.1/GCF_000635955.1_ASM63595v1_genomic.fna.gz
GCF_000635955.1	PRJNA224116	SAMN02728499			na		1418107	644	Aeromonas hydrophila pc104A	strain=PC-104A		latest	Complete Genome	Major	Full	2014/04/22	ASM63595v1	USDA, ARS, AAHRU	GCA_000635955.1	identical	ftp://ftp.ncbi.nlm.nih.gov/genomes/all/GCF/000/635/955/GCF_000635955.1_ASM63595v1	./data/refseq/bacteria/GCF_000635955.1/GCF_000635955.1_ASM63595v1_rna_from_genomic.fna.gz
GCF_000635955.1	PRJNA224116	SAMN02728499			na		1418107	644	Aeromonas hydrophila pc104A	strain=PC-104A		latest	Complete Genome	Major	Full	2014/04/22	ASM63595v1	USDA, ARS, AAHRU	GCA_000635955.1	identical	ftp://ftp.ncbi.nlm.nih.gov/genomes/all/GCF/000/635/955/GCF_000635955.1_ASM63595v1	./data/refseq/bacteria/GCF_000635955.1/GCF_000635955.1_ASM63595v1_assembly_report.txt
GCF_000635955.1	PRJNA224116	SAMN02728499			na		1418107	644	Aeromonas hydrophila pc104A	strain=PC-104A		latest	Complete Genome	Major	Full	2014/04/22	ASM63595v1	USDA, ARS, AAHRU	GCA_000635955.1	identical	ftp://ftp.ncbi.nlm.nih.gov/genomes/all/GCF/000/635/955/GCF_000635955.1_ASM63595v1	./data/refseq/bacteria/GCF_000635955.1/GCF_000635955.1_ASM63595v1_assembly_stats.txt
GCF_000635955.1	PRJNA224116	SAMN02728499			na		1418107	644	Aeromonas hydrophila pc104A	strain=PC-104A		latest	Complete Genome	Major	Full	2014/04/22	ASM63595v1	USDA, ARS, AAHRU	GCA_000635955.1	identical	ftp://ftp.ncbi.nlm.nih.gov/genomes/all/GCF/000/635/955/GCF_000635955.1_ASM63595v1	./data/refseq/bacteria/GCF_000635955.1/GCF_000635955.1_ASM63595v1_feature_table.txt.gz
GCF_000819505.1	PRJNA224116	SAMN03283200			na		1419584	644	Aeromonas hydrophila J-1	strain=J-1		latest	Complete Genome	Major	Full	2015/01/16	ASM81950v1	Nanjing Agricultural University	GCA_000819505.1	identical	ftp://ftp.ncbi.nlm.nih.gov/genomes/all/GCF/000/819/505/GCF_000819505.1_ASM81950v1	./data/refseq/bacteria/GCF_000819505.1/GCF_000819505.1_ASM81950v1_genomic.fna.gz
GCF_000819505.1	PRJNA224116	SAMN03283200			na		1419584	644	Aeromonas hydrophila J-1	strain=J-1		latest	Complete Genome	Major	Full	2015/01/16	ASM81950v1	Nanjing Agricultural University	GCA_000819505.1	identical	ftp://ftp.ncbi.nlm.nih.gov/genomes/all/GCF/000/819/505/GCF_000819505.1_ASM81950v1	./data/refseq/bacteria/GCF_000819505.1/GCF_000819505.1_ASM81950v1_rna_from_genomic.fna.gz
GCF_000819505.1	PRJNA224116	SAMN03283200			na		1419584	644	Aeromonas hydrophila J-1	strain=J-1		latest	Complete Genome	Major	Full	2015/01/16	ASM81950v1	Nanjing Agricultural University	GCA_000819505.1	identical	ftp://ftp.ncbi.nlm.nih.gov/genomes/all/GCF/000/819/505/GCF_000819505.1_ASM81950v1	./data/refseq/bacteria/GCF_000819505.1/GCF_000819505.1_ASM81950v1_assembly_report.txt
GCF_000819505.1	PRJNA224116	SAMN03283200			na		1419584	644	Aeromonas hydrophila J-1	strain=J-1		latest	Complete Genome	Major	Full	2015/01/16	ASM81950v1	Nanjing Agricultural University	GCA_000819505.1	identical	ftp://ftp.ncbi.nlm.nih.gov/genomes/all/GCF/000/819/505/GCF_000819505.1_ASM81950v1	./data/refseq/bacteria/GCF_000819505.1/GCF_000819505.1_ASM81950v1_assembly_stats.txt
GCF_000819505.1	PRJNA224116	SAMN03283200			na		1419584	644	Aeromonas hydrophila J-1	strain=J-1		latest	Complete Genome	Major	Full	2015/01/16	ASM81950v1	Nanjing Agricultural University	GCA_000819505.1	identical	ftp://ftp.ncbi.nlm.nih.gov/genomes/all/GCF/000/819/505/GCF_000819505.1_ASM81950v1	./data/refseq/bacteria/GCF_000819505.1/GCF_000819505.1_ASM81950v1_feature_table.txt.gz
GCF_000612075.2	PRJNA224116	SAMN02713488			na		1448139	644	Aeromonas hydrophila YL17	strain=YL17		latest	Complete Genome	Minor	Full	2016/01/11	ASM61207v2	UNIVERSITY OF MALAYA	GCA_000612075.2	identical	ftp://ftp.ncbi.nlm.nih.gov/genomes/all/GCF/000/612/075/GCF_000612075.2_ASM61207v2	./data/refseq/bacteria/GCF_000612075.2/GCF_000612075.2_ASM61207v2_genomic.fna.gz
GCF_000612075.2	PRJNA224116	SAMN02713488			na		1448139	644	Aeromonas hydrophila YL17	strain=YL17		latest	Complete Genome	Minor	Full	2016/01/11	ASM61207v2	UNIVERSITY OF MALAYA	GCA_000612075.2	identical	ftp://ftp.ncbi.nlm.nih.gov/genomes/all/GCF/000/612/075/GCF_000612075.2_ASM61207v2	./data/refseq/bacteria/GCF_000612075.2/GCF_000612075.2_ASM61207v2_rna_from_genomic.fna.gz
GCF_000612075.2	PRJNA224116	SAMN02713488			na		1448139	644	Aeromonas hydrophila YL17	strain=YL17		latest	Complete Genome	Minor	Full	2016/01/11	ASM61207v2	UNIVERSITY OF MALAYA	GCA_000612075.2	identical	ftp://ftp.ncbi.nlm.nih.gov/genomes/all/GCF/000/612/075/GCF_000612075.2_ASM61207v2	./data/refseq/bacteria/GCF_000612075.2/GCF_000612075.2_ASM61207v2_assembly_report.txt
GCF_000612075.2	PRJNA224116	SAMN02713488			na		1448139	644	Aeromonas hydrophila YL17	strain=YL17		latest	Complete Genome	Minor	Full	2016/01/11	ASM61207v2	UNIVERSITY OF MALAYA	GCA_000612075.2	identical	ftp://ftp.ncbi.nlm.nih.gov/genomes/all/GCF/000/612/075/GCF_000612075.2_ASM61207v2	./data/refseq/bacteria/GCF_000612075.2/GCF_000612075.2_ASM61207v2_assembly_stats.txt
GCF_000612075.2	PRJNA224116	SAMN02713488			na		1448139	644	Aeromonas hydrophila YL17	strain=YL17		latest	Complete Genome	Minor	Full	2016/01/11	ASM61207v2	UNIVERSITY OF MALAYA	GCA_000612075.2	identical	ftp://ftp.ncbi.nlm.nih.gov/genomes/all/GCF/000/612/075/GCF_000612075.2_ASM61207v2	./data/refseq/bacteria/GCF_000612075.2/GCF_000612075.2_ASM61207v2_feature_table.txt.gz
